"Path","BeforeLines","SceneLookups","ComponentLookups","SaveCalls","Changed"
"Assets/Scripts/Ores/Achievements/MiningAchievementData.cs","92","0","0","0","False"
"Assets/Scripts/Ores/Achievements/MiningAchievementSystem.cs","556","7","1","6","False"
"Assets/Scripts/Ores/Animations/SmoothButtonPunch.cs","287","0","6","0","False"
"Assets/Scripts/Ores/Audio/JuicyLanguageToggle.cs","121","0","0","0","False"
"Assets/Scripts/Ores/Audio/JuicySettingsPanel.cs","100","0","0","0","True"
"Assets/Scripts/Ores/Audio/MiningAudioData.cs","222","0","0","0","False"
"Assets/Scripts/Ores/Audio/MiningAudioManager.cs","1156","12","1","7","True"
"Assets/Scripts/Ores/Audio/MiningAudioSettingsPanel.cs","500","1","14","0","False"
"Assets/Scripts/Ores/Audio/MiningButtonSfx.cs","58","1","2","0","False"
"Assets/Scripts/Ores/Audio/MiningKeybindSettings.cs","159","0","2","8","False"
"Assets/Scripts/Ores/Cards/MiningCardData.cs","68","0","0","0","False"
"Assets/Scripts/Ores/Cards/MiningCardSystem.cs","139","0","3","0","False"
"Assets/Scripts/Ores/Cards/MiningWorldCard.cs","81","0","5","0","False"
"Assets/Scripts/Ores/Chest/MiningChest.cs","743","3","9","0","False"
"Assets/Scripts/Ores/Chest/MiningChestSpawner.cs","183","0","3","0","False"
"Assets/Scripts/Ores/Combat/CombatHealthFillWindow.cs","30","0","0","0","False"
"Assets/Scripts/Ores/Combat/CombatLungeMotion.cs","14","0","0","0","False"
"Assets/Scripts/Ores/Combat/EquipmentSystem.cs","171","2","1","0","False"
"Assets/Scripts/Ores/Combat/MiningCharacterHealth.cs","255","1","12","0","True"
"Assets/Scripts/Ores/Combat/MiningDamagePopup.cs","112","0","1","0","False"
"Assets/Scripts/Ores/Combat/MiningGameplayTuning.cs","107","2","0","0","False"
"Assets/Scripts/Ores/Combat/MiningHitReaction.cs","70","0","2","0","False"
"Assets/Scripts/Ores/Combat/MiningPlayerStamina.cs","106","1","4","0","False"
"Assets/Scripts/Ores/Combat/MiningPlayerStats.cs","219","2","3","7","True"
"Assets/Scripts/Ores/Combat/MiningPlayerStatsData.cs","119","0","0","0","False"
"Assets/Scripts/Ores/Combat/PlayerDeathRespawn.cs","392","1","8","0","False"
"Assets/Scripts/Ores/Combat/PlayerMonsterHeadDeflection.cs","35","0","4","0","False"
"Assets/Scripts/Ores/Combat/PlayerRespawnCurtain.cs","73","0","0","0","False"
"Assets/Scripts/Ores/Combat/WeaponAttackData.cs","46","0","0","0","False"
"Assets/Scripts/Ores/Combat/WeaponStrikeVfx.cs","79","0","0","0","False"
"Assets/Scripts/Ores/Computer/JuicyCoinComputer.cs","252","0","1","0","False"
"Assets/Scripts/Ores/Computer/MiningComputerData.cs","104","0","0","0","False"
"Assets/Scripts/Ores/Computer/MiningComputerPanel.cs","234","2","0","0","False"
"Assets/Scripts/Ores/Computer/MiningComputerStation.cs","663","3","1","9","False"
"Assets/Scripts/Ores/DayNight/DayNightData.cs","392","0","0","0","False"
"Assets/Scripts/Ores/DayNight/DayNightSystem.cs","702","1","3","6","False"
"Assets/Scripts/Ores/Editor/BossSkillTests.cs","57","0","0","0","False"
"Assets/Scripts/Ores/Editor/FreeFlowCombatTests.cs","156","0","1","0","False"
"Assets/Scripts/Ores/Editor/MinerNavigationClockTests.cs","85","0","0","0","False"
"Assets/Scripts/Ores/Editor/MiningAudioToolWindow.cs","130","0","0","0","False"
"Assets/Scripts/Ores/Editor/MiningAutoBindTMP.cs","154","0","1","0","False"
"Assets/Scripts/Ores/Editor/MiningHudModalTests.cs","59","0","3","0","False"
"Assets/Scripts/Ores/Editor/MiningLocalizationTool.cs","213","1","2","0","False"
"Assets/Scripts/Ores/Editor/MiningNpcShopRepairMenu.cs","62","1","1","0","False"
"Assets/Scripts/Ores/Editor/MiningOverworldOnlyCleanupMenu.cs","215","0","1","0","False"
"Assets/Scripts/Ores/Editor/MiningPlayerStatsEditors.cs","47","0","0","0","False"
"Assets/Scripts/Ores/Editor/MiningQuestDataInspector.cs","539","5","21","0","False"
"Assets/Scripts/Ores/Editor/MiningShopDataInspector.cs","16","0","0","0","False"
"Assets/Scripts/Ores/Editor/MiningUiDataAnimationEditor.cs","115","0","0","0","False"
"Assets/Scripts/Ores/Editor/MiningUpgradePanelFullscreenMenu.cs","499","0","8","0","False"
"Assets/Scripts/Ores/Editor/MiningWorldBorderEditor.cs","66","0","0","0","False"
"Assets/Scripts/Ores/Editor/MonsterFeatureProbe.cs","51","0","1","0","False"
"Assets/Scripts/Ores/Editor/MonsterRewardProgressionTests.cs","117","0","0","0","False"
"Assets/Scripts/Ores/Editor/MonsterSpawnGizmos.cs","74","1","1","0","False"
"Assets/Scripts/Ores/Editor/NpcBuySvgStyleMenu.cs","107","1","6","0","False"
"Assets/Scripts/Ores/Editor/RestoreShopCardLayoutMenu.cs","51","0","0","0","False"
"Assets/Scripts/Ores/Editor/ShopSmoothScrollRectEditor.cs","22","0","0","0","False"
"Assets/Scripts/Ores/Editor/ShopSvgStyleMenu.cs","126","1","4","0","False"
"Assets/Scripts/Ores/Editor/WeaponAttackTests.cs","190","0","0","0","True"
"Assets/Scripts/Ores/Editor/WeaponHitValidation.cs","49","0","0","0","False"
"Assets/Scripts/Ores/Events/CoinRainEventSystem.cs","320","9","1","0","False"
"Assets/Scripts/Ores/Events/StalkedEventSystem.cs","460","8","12","0","False"
"Assets/Scripts/Ores/Interaction/IMiningInteractable.cs","12","0","0","0","False"
"Assets/Scripts/Ores/Interaction/MiningInteractionData.cs","59","0","0","0","False"
"Assets/Scripts/Ores/Interaction/MiningInteractionPrompt.cs","122","0","3","0","False"
"Assets/Scripts/Ores/Interaction/MiningInteractionSystem.cs","144","0","1","0","False"
"Assets/Scripts/Ores/Interaction/MiningInteractionTarget.cs","43","0","0","0","False"
"Assets/Scripts/Ores/Items/MiningItemData.cs","276","0","0","0","False"
"Assets/Scripts/Ores/Items/MiningItemDatabase.cs","182","0","0","0","False"
"Assets/Scripts/Ores/Items/MiningItemSystem.cs","592","3","0","6","False"
"Assets/Scripts/Ores/LuckyBlock/LuckyBlock.cs","356","0","6","0","False"
"Assets/Scripts/Ores/LuckyBlock/Luckyblockcountdownlabel.cs","103","0","2","0","False"
"Assets/Scripts/Ores/LuckyBlock/LuckyBlockData.cs","192","0","0","0","False"
"Assets/Scripts/Ores/LuckyBlock/LuckyBlockDropSystem.cs","641","4","5","0","False"
"Assets/Scripts/Ores/LuckyBlock/LuckyBlockHealthBar.cs","167","0","3","0","False"
"Assets/Scripts/Ores/Mining/JuicyButtonTrim.cs","69","0","0","0","False"
"Assets/Scripts/Ores/Mining/JuicyBuyMinerButton.cs","192","0","1","0","False"
"Assets/Scripts/Ores/Mining/JuicyGemPlusButton.cs","89","0","1","0","False"
"Assets/Scripts/Ores/Mining/JuicyInventoryButton.cs","222","0","11","0","False"
"Assets/Scripts/Ores/Mining/JuicyPlaySelection.cs","367","3","2","8","False"
"Assets/Scripts/Ores/Mining/JuicyRebirth.cs","260","0","1","0","False"
"Assets/Scripts/Ores/Mining/JuicyRebirthConfirm.cs","261","0","1","0","False"
"Assets/Scripts/Ores/Mining/JuicyUpgradeItem.cs","117","0","3","0","False"
"Assets/Scripts/Ores/Mining/JuicyUpgradePanel.cs","88","0","0","0","True"
"Assets/Scripts/Ores/Mining/MiningAnimatedCurrencyValue.cs","49","0","0","0","False"
"Assets/Scripts/Ores/Mining/MiningCandyGradient.cs","64","0","0","0","False"
"Assets/Scripts/Ores/Mining/MiningCinematicTransition.cs","425","0","0","0","False"
"Assets/Scripts/Ores/Mining/MiningCosmeticData.cs","48","0","0","0","False"
"Assets/Scripts/Ores/Mining/MiningCosmeticSystem.cs","143","0","0","4","False"
"Assets/Scripts/Ores/Mining/MiningEffectToast.cs","397","1","21","0","False"
"Assets/Scripts/Ores/Mining/MiningGameData.cs","113","0","0","0","False"
"Assets/Scripts/Ores/Mining/MiningGemHud.cs","195","0","0","0","False"
"Assets/Scripts/Ores/Mining/MiningGemHudFrameGraphic.cs","175","0","0","0","False"
"Assets/Scripts/Ores/Mining/MiningGemPlusGraphic.cs","69","0","0","0","False"
"Assets/Scripts/Ores/Mining/MiningGemSparkleGraphic.cs","102","0","0","0","False"
"Assets/Scripts/Ores/Mining/MiningGiftBoxWheelPanel.cs","648","0","10","0","False"
"Assets/Scripts/Ores/Mining/MiningHitPunch.cs","145","0","0","0","False"
"Assets/Scripts/Ores/Mining/MiningHud.cs","180","1","0","0","False"
"Assets/Scripts/Ores/Mining/MiningHudFlyIn.cs","120","0","1","0","False"
"Assets/Scripts/Ores/Mining/MiningInventoryButtonGraphic.cs","201","0","0","0","False"
"Assets/Scripts/Ores/Mining/MiningInventoryIconMaskGraphic.cs","37","0","0","0","False"
"Assets/Scripts/Ores/Mining/MiningInventoryInteractions.cs","223","0","4","0","False"
"Assets/Scripts/Ores/Mining/MiningInventoryModelPreview.cs","152","0","1","0","False"
"Assets/Scripts/Ores/Mining/MiningInventoryPanel.cs","278","1","13","0","False"
"Assets/Scripts/Ores/Mining/MiningInventorySlotButton.cs","71","0","3","0","False"
"Assets/Scripts/Ores/Mining/MiningLocalization.cs","378","0","0","10","False"
"Assets/Scripts/Ores/Mining/MiningMainMenu.cs","629","3","4","0","False"
"Assets/Scripts/Ores/Mining/MiningMainMenuData.cs","253","0","0","0","False"
"Assets/Scripts/Ores/Mining/MiningMainMenuShowcaseMotion.cs","201","0","0","0","False"
"Assets/Scripts/Ores/Mining/MiningMenuAmbientFx.cs","128","0","0","0","False"
"Assets/Scripts/Ores/Mining/MiningMoneyFormatter.cs","84","0","0","0","False"
"Assets/Scripts/Ores/Mining/MiningOrbitCamera.cs","789","0","13","2","False"
"Assets/Scripts/Ores/Mining/MiningPcRebirthBadge.cs","55","0","2","0","False"
"Assets/Scripts/Ores/Mining/MiningPcRoundedGraphic.cs","63","0","0","0","False"
"Assets/Scripts/Ores/Mining/MiningPlayerStaminaHud.cs","69","2","1","0","False"
"Assets/Scripts/Ores/Mining/MiningPlayerStatsPanel.cs","94","0","3","0","False"
"Assets/Scripts/Ores/Mining/MiningRadialBurstGraphic.cs","132","0","0","0","False"
"Assets/Scripts/Ores/Mining/MiningSafeAreaInset.cs","118","0","1","0","False"
"Assets/Scripts/Ores/Mining/MiningShopData.cs","196","0","0","0","False"
"Assets/Scripts/Ores/Mining/MiningShopPanel.cs","844","0","3","0","False"
"Assets/Scripts/Ores/Mining/MiningStatusBarFrameGraphic.cs","149","0","0","0","False"
"Assets/Scripts/Ores/Mining/MiningStatusEffectCardGraphic.cs","165","0","0","0","False"
"Assets/Scripts/Ores/Mining/MiningUiData.cs","850","0","0","0","False"
"Assets/Scripts/Ores/Mining/MiningUiGradient.cs","60","0","0","0","False"
"Assets/Scripts/Ores/Mining/MiningUiPanelCoordinator.cs","678","1","12","0","False"
"Assets/Scripts/Ores/Mining/MiningUiSmoothFade.cs","183","0","1","0","False"
"Assets/Scripts/Ores/Mining/MiningUnlockNotifier.cs","290","4","7","0","False"
"Assets/Scripts/Ores/Mining/MiningUpgradeCardHover.cs","13","0","0","0","False"
"Assets/Scripts/Ores/Mining/MiningUpgradeCarousel.cs","234","0","7","0","False"
"Assets/Scripts/Ores/Mining/MiningUpgradeData.cs","194","0","0","0","False"
"Assets/Scripts/Ores/Mining/MiningUpgradePanel.cs","366","3","7","0","False"
"Assets/Scripts/Ores/Mining/MiningUpgradeStation.cs","196","1","13","0","False"
"Assets/Scripts/Ores/Mining/MiningUpgradeSystem.cs","286","1","0","0","False"
"Assets/Scripts/Ores/Mining/MiningWorldBorder.cs","85","0","0","0","False"
"Assets/Scripts/Ores/Mining/MiningWorldItem.cs","162","0","1","0","False"
"Assets/Scripts/Ores/Mining/ShopSmoothScrollRect.cs","76","0","0","0","False"
"Assets/Scripts/Ores/Mining/UpgradeCardScrollRect.cs","18","0","0","0","False"
"Assets/Scripts/Ores/MiningLanguageSwitcher.cs","25","0","0","0","False"
"Assets/Scripts/Ores/Monsters/BossSkillRuntime.cs","68","0","0","0","False"
"Assets/Scripts/Ores/Monsters/DailyEncounterEventData.cs","35","0","0","0","False"
"Assets/Scripts/Ores/Monsters/MonsterAttackWarning.cs","56","0","4","0","False"
"Assets/Scripts/Ores/Monsters/MonsterDailyForecastHud.cs","183","0","2","0","False"
"Assets/Scripts/Ores/Monsters/MonsterEncounterVisuals.cs","137","0","2","0","False"
"Assets/Scripts/Ores/Monsters/MonsterItemPickup.cs","105","0","4","0","False"
"Assets/Scripts/Ores/Monsters/MonsterRewardData.cs","117","0","0","0","False"
"Assets/Scripts/Ores/Monsters/MonsterScenePreview.cs","12","0","0","0","False"
"Assets/Scripts/Ores/Monsters/MonsterSpawnRoster.cs","17","0","0","0","False"
"Assets/Scripts/Ores/Monsters/MonsterSpawnZone.cs","558","11","9","0","False"
"Assets/Scripts/Ores/Monsters/MushroomMonster.cs","542","2","8","0","False"
"Assets/Scripts/Ores/Npc/JuicyMinerProgress.cs","242","2","1","0","False"
"Assets/Scripts/Ores/Npc/LowPolyMinerSkin.cs","19","0","0","0","False"
"Assets/Scripts/Ores/Npc/MiningNpc.cs","1902","5","15","0","True"
"Assets/Scripts/Ores/Npc/MiningNpcAnimationEventRelay.cs","28","0","0","0","False"
"Assets/Scripts/Ores/Npc/MiningNpcHeadlamp.cs","250","1","2","0","False"
"Assets/Scripts/Ores/Npc/MiningNpcHealthBar.cs","62","0","4","0","False"
"Assets/Scripts/Ores/Npc/MiningNpcTargetCommand.cs","274","0","3","0","False"
"Assets/Scripts/Ores/Npc/NpcData.cs","208","0","0","0","False"
"Assets/Scripts/Ores/Npc/NpcProgressionHud.cs","166","0","0","0","False"
"Assets/Scripts/Ores/Npc/NpcProgressionSystem.cs","206","1","0","0","False"
"Assets/Scripts/Ores/Npc/NpcShop.cs","279","3","1","10","False"
"Assets/Scripts/Ores/Npc/Path/MiningNavGrid.cs","750","0","0","0","False"
"Assets/Scripts/Ores/Npc/Path/MiningNavigation.cs","288","1","4","0","False"
"Assets/Scripts/Ores/Npc/Path/MiningNavigationValidator.cs","77","0","0","0","False"
"Assets/Scripts/Ores/Npc/Path/MiningNavMeshBuilder.cs","242","0","3","0","False"
"Assets/Scripts/Ores/Npc/Path/MiningNavMeshObstacle.cs","146","0","4","0","False"
"Assets/Scripts/Ores/Npc/PlayerCombatInput.cs","823","2","18","0","True"
"Assets/Scripts/Ores/Ore/Ore.cs","488","0","1","0","False"
"Assets/Scripts/Ores/Ore/OreClickInput.cs","69","2","3","0","False"
"Assets/Scripts/Ores/Ore/OreData.cs","141","0","0","0","False"
"Assets/Scripts/Ores/Ore/OreHealthBar.cs","223","0","3","0","False"
"Assets/Scripts/Ores/Ore/OreRewardPopup.cs","131","0","2","0","False"
"Assets/Scripts/Ores/Ore/OreSpawnData.cs","194","0","0","0","False"
"Assets/Scripts/Ores/Ore/OreSpawner.cs","807","1","7","0","False"
"Assets/Scripts/Ores/Ore/SpecialOreAura.cs","302","0","1","0","False"
"Assets/Scripts/Ores/Player/PlayerWallet.cs","161","0","0","5","False"
"Assets/Scripts/Ores/Portal/MiningDynamicRadialMaskTransition.cs","315","1","2","0","False"
"Assets/Scripts/Ores/Portal/MiningLavaWorldController.cs","262","3","0","0","False"
"Assets/Scripts/Ores/Portal/MiningPortalPreviewGate.cs","62","0","1","0","False"
"Assets/Scripts/Ores/Portal/MiningPortalPreviewPanel.cs","174","1","1","0","False"
"Assets/Scripts/Ores/Quests/JuicyQuestItem.cs","278","0","1","0","False"
"Assets/Scripts/Ores/Quests/JuicyQuestPanel.cs","95","0","0","0","True"
"Assets/Scripts/Ores/Quests/MiningQuestData.cs","162","0","0","0","False"
"Assets/Scripts/Ores/Quests/MiningQuestPanel.cs","297","1","5","0","False"
"Assets/Scripts/Ores/Quests/MiningQuestSystem.cs","356","4","0","5","False"
"Assets/Scripts/Ores/rebirth/MiningRebirthData.cs","53","0","0","0","False"
"Assets/Scripts/Ores/rebirth/MiningRebirthPanel.cs","392","0","9","0","False"
"Assets/Scripts/Ores/rebirth/MiningRebirthSystem.cs","189","6","0","6","False"
"Assets/Scripts/Ores/Trader/WanderingTraderAgent.cs","108","0","2","0","False"
"Assets/Scripts/Ores/Trader/WanderingTraderPanel.cs","963","4","15","0","False"
"Assets/Scripts/Ores/Trader/WanderingTraderSystem.cs","687","5","6","0","False"
