"Path","OriginalFieldDeclarations","Preserved"
"Assets/Scripts/Ores/Audio/JuicySettingsPanel.cs","6","True"
"Assets/Scripts/Ores/Audio/MiningAudioManager.cs","14","True"
"Assets/Scripts/Ores/Combat/MiningCharacterHealth.cs","10","True"
"Assets/Scripts/Ores/Combat/MiningPlayerStats.cs","1","True"
"Assets/Scripts/Ores/Editor/WeaponAttackTests.cs","0","True"
"Assets/Scripts/Ores/Mining/JuicyUpgradePanel.cs","7","True"
"Assets/Scripts/Ores/Npc/MiningNpc.cs","25","True"
"Assets/Scripts/Ores/Npc/PlayerCombatInput.cs","48","True"
"Assets/Scripts/Ores/Quests/JuicyQuestPanel.cs","6","True"
